State,Bank,Area_type,#Branches
ANDAMAN & NICOBAR ISLANDS,BANK OF BARODA,Rural,1
ANDAMAN & NICOBAR ISLANDS,BANK OF BARODA,Semi-urban,1
ANDAMAN & NICOBAR ISLANDS,BANK OF BARODA,Urban,2
ANDAMAN & NICOBAR ISLANDS,BANK OF INDIA,Urban,1
ANDAMAN & NICOBAR ISLANDS,BANK OF MAHARASHTRA,Urban,1
ANDAMAN & NICOBAR ISLANDS,CANARA BANK,Rural,5
ANDAMAN & NICOBAR ISLANDS,CANARA BANK,Semi-urban,2
ANDAMAN & NICOBAR ISLANDS,CANARA BANK,Urban,6
ANDAMAN & NICOBAR ISLANDS,CENTRAL BANK OF INDIA,Urban,1
ANDAMAN & NICOBAR ISLANDS,INDIAN BANK,Urban,2
ANDAMAN & NICOBAR ISLANDS,INDIAN OVERSEAS BANK,Semi-urban,1
ANDAMAN & NICOBAR ISLANDS,INDIAN OVERSEAS BANK,Urban,1
ANDAMAN & NICOBAR ISLANDS,PUNJAB NATIONAL BANK,Semi-urban,2
ANDAMAN & NICOBAR ISLANDS,PUNJAB NATIONAL BANK,Urban,3
ANDAMAN & NICOBAR ISLANDS,UCO BANK,Urban,1
ANDAMAN & NICOBAR ISLANDS,UNION BANK OF INDIA,Urban,1
ANDHRA PRADESH,BANK OF BARODA,Metropolitan,31
ANDHRA PRADESH,BANK OF BARODA,Rural,74
ANDHRA PRADESH,BANK OF BARODA,Semi-urban,68
ANDHRA PRADESH,BANK OF BARODA,Urban,72
ANDHRA PRADESH,BANK OF INDIA,Metropolitan,23
ANDHRA PRADESH,BANK OF INDIA,Rural,32
ANDHRA PRADESH,BANK OF INDIA,Semi-urban,63
ANDHRA PRADESH,BANK OF INDIA,Urban,48
ANDHRA PRADESH,BANK OF MAHARASHTRA,Metropolitan,5
ANDHRA PRADESH,BANK OF MAHARASHTRA,Rural,2
ANDHRA PRADESH,BANK OF MAHARASHTRA,Semi-urban,3
ANDHRA PRADESH,BANK OF MAHARASHTRA,Urban,15
ANDHRA PRADESH,CANARA BANK,Metropolitan,87
ANDHRA PRADESH,CANARA BANK,Rural,263
ANDHRA PRADESH,CANARA BANK,Semi-urban,189
ANDHRA PRADESH,CANARA BANK,Urban,172
ANDHRA PRADESH,CENTRAL BANK OF INDIA,Metropolitan,23
ANDHRA PRADESH,CENTRAL BANK OF INDIA,Rural,31
ANDHRA PRADESH,CENTRAL BANK OF INDIA,Semi-urban,45
ANDHRA PRADESH,CENTRAL BANK OF INDIA,Urban,37
ANDHRA PRADESH,INDIAN BANK,Metropolitan,38
ANDHRA PRADESH,INDIAN BANK,Rural,99
ANDHRA PRADESH,INDIAN BANK,Semi-urban,92
ANDHRA PRADESH,INDIAN BANK,Urban,86
ANDHRA PRADESH,INDIAN OVERSEAS BANK,Metropolitan,26
ANDHRA PRADESH,INDIAN OVERSEAS BANK,Rural,42
ANDHRA PRADESH,INDIAN OVERSEAS BANK,Semi-urban,45
ANDHRA PRADESH,INDIAN OVERSEAS BANK,Urban,46
ANDHRA PRADESH,PUNJAB AND SIND BANK,Metropolitan,4
ANDHRA PRADESH,PUNJAB AND SIND BANK,Urban,6
ANDHRA PRADESH,PUNJAB NATIONAL BANK,Metropolitan,36
ANDHRA PRADESH,PUNJAB NATIONAL BANK,Rural,15
ANDHRA PRADESH,PUNJAB NATIONAL BANK,Semi-urban,35
ANDHRA PRADESH,PUNJAB NATIONAL BANK,Urban,58
ANDHRA PRADESH,UCO BANK,Metropolitan,7
ANDHRA PRADESH,UCO BANK,Rural,11
ANDHRA PRADESH,UCO BANK,Semi-urban,7
ANDHRA PRADESH,UCO BANK,Urban,18
ANDHRA PRADESH,UNION BANK OF INDIA,Metropolitan,141
ANDHRA PRADESH,UNION BANK OF INDIA,Rural,447
ANDHRA PRADESH,UNION BANK OF INDIA,Semi-urban,400
ANDHRA PRADESH,UNION BANK OF INDIA,Urban,283
ARUNACHAL PRADESH,BANK OF BARODA,Rural,1
ARUNACHAL PRADESH,BANK OF BARODA,Semi-urban,5
ARUNACHAL PRADESH,BANK OF INDIA,Rural,2
ARUNACHAL PRADESH,BANK OF INDIA,Semi-urban,3
ARUNACHAL PRADESH,BANK OF MAHARASHTRA,Semi-urban,1
ARUNACHAL PRADESH,CANARA BANK,Rural,2
ARUNACHAL PRADESH,CANARA BANK,Semi-urban,8
ARUNACHAL PRADESH,CENTRAL BANK OF INDIA,Rural,2
ARUNACHAL PRADESH,CENTRAL BANK OF INDIA,Semi-urban,6
ARUNACHAL PRADESH,INDIAN BANK,Semi-urban,3
ARUNACHAL PRADESH,INDIAN OVERSEAS BANK,Semi-urban,1
ARUNACHAL PRADESH,PUNJAB AND SIND BANK,Semi-urban,1
ARUNACHAL PRADESH,PUNJAB NATIONAL BANK,Rural,1
ARUNACHAL PRADESH,PUNJAB NATIONAL BANK,Semi-urban,7
ARUNACHAL PRADESH,UCO BANK,Rural,1
ARUNACHAL PRADESH,UCO BANK,Semi-urban,1
ARUNACHAL PRADESH,UNION BANK OF INDIA,Semi-urban,1
ASSAM,BANK OF BARODA,Rural,12
ASSAM,BANK OF BARODA,Semi-urban,20
ASSAM,BANK OF BARODA,Urban,36
ASSAM,BANK OF INDIA,Rural,11
ASSAM,BANK OF INDIA,Semi-urban,18
ASSAM,BANK OF INDIA,Urban,23
ASSAM,BANK OF MAHARASHTRA,Semi-urban,4
ASSAM,BANK OF MAHARASHTRA,Urban,7
ASSAM,CANARA BANK,Rural,28
ASSAM,CANARA BANK,Semi-urban,42
ASSAM,CANARA BANK,Urban,42
ASSAM,CENTRAL BANK OF INDIA,Rural,59
ASSAM,CENTRAL BANK OF INDIA,Semi-urban,33
ASSAM,CENTRAL BANK OF INDIA,Urban,33
ASSAM,INDIAN BANK,Rural,50
ASSAM,INDIAN BANK,Semi-urban,37
ASSAM,INDIAN BANK,Urban,31
ASSAM,INDIAN OVERSEAS BANK,Rural,7
ASSAM,INDIAN OVERSEAS BANK,Semi-urban,12
ASSAM,INDIAN OVERSEAS BANK,Urban,12
ASSAM,PUNJAB AND SIND BANK,Rural,2
ASSAM,PUNJAB AND SIND BANK,Semi-urban,2
ASSAM,PUNJAB AND SIND BANK,Urban,11
ASSAM,PUNJAB NATIONAL BANK,Rural,180
ASSAM,PUNJAB NATIONAL BANK,Semi-urban,96
ASSAM,PUNJAB NATIONAL BANK,Urban,99
ASSAM,UCO BANK,Rural,70
ASSAM,UCO BANK,Semi-urban,45
ASSAM,UCO BANK,Urban,29
ASSAM,UNION BANK OF INDIA,Rural,24
ASSAM,UNION BANK OF INDIA,Semi-urban,34
ASSAM,UNION BANK OF INDIA,Urban,39
BIHAR,BANK OF BARODA,Metropolitan,39
BIHAR,BANK OF BARODA,Rural,97
BIHAR,BANK OF BARODA,Semi-urban,100
BIHAR,BANK OF BARODA,Urban,69
BIHAR,BANK OF INDIA,Metropolitan,33
BIHAR,BANK OF INDIA,Rural,134
BIHAR,BANK OF INDIA,Semi-urban,136
BIHAR,BANK OF INDIA,Urban,53
BIHAR,BANK OF MAHARASHTRA,Metropolitan,5
BIHAR,BANK OF MAHARASHTRA,Rural,1
BIHAR,BANK OF MAHARASHTRA,Semi-urban,4
BIHAR,BANK OF MAHARASHTRA,Urban,12
BIHAR,CANARA BANK,Metropolitan,45
BIHAR,CANARA BANK,Rural,116
BIHAR,CANARA BANK,Semi-urban,83
BIHAR,CANARA BANK,Urban,79
BIHAR,CENTRAL BANK OF INDIA,Metropolitan,37
BIHAR,CENTRAL BANK OF INDIA,Rural,198
BIHAR,CENTRAL BANK OF INDIA,Semi-urban,139
BIHAR,CENTRAL BANK OF INDIA,Urban,76
BIHAR,INDIAN BANK,Metropolitan,43
BIHAR,INDIAN BANK,Rural,120
BIHAR,INDIAN BANK,Semi-urban,89
BIHAR,INDIAN BANK,Urban,60
BIHAR,INDIAN OVERSEAS BANK,Metropolitan,9
BIHAR,INDIAN OVERSEAS BANK,Rural,12
BIHAR,INDIAN OVERSEAS BANK,Semi-urban,18
BIHAR,INDIAN OVERSEAS BANK,Urban,21
BIHAR,JAMMU & KASHMIR BANK LTD,Metropolitan,1
BIHAR,PUNJAB AND SIND BANK,Metropolitan,4
BIHAR,PUNJAB AND SIND BANK,Semi-urban,2
BIHAR,PUNJAB AND SIND BANK,Urban,10
BIHAR,PUNJAB NATIONAL BANK,Metropolitan,59
BIHAR,PUNJAB NATIONAL BANK,Rural,372
BIHAR,PUNJAB NATIONAL BANK,Semi-urban,199
BIHAR,PUNJAB NATIONAL BANK,Urban,145
BIHAR,UCO BANK,Metropolitan,12
BIHAR,UCO BANK,Rural,110
BIHAR,UCO BANK,Semi-urban,69
BIHAR,UCO BANK,Urban,41
BIHAR,UNION BANK OF INDIA,Metropolitan,45
BIHAR,UNION BANK OF INDIA,Rural,63
BIHAR,UNION BANK OF INDIA,Semi-urban,79
BIHAR,UNION BANK OF INDIA,Urban,68
CHANDIGARH,BANK OF BARODA,Rural,1
CHANDIGARH,BANK OF BARODA,Urban,20
CHANDIGARH,BANK OF INDIA,Rural,1
CHANDIGARH,BANK OF INDIA,Urban,12
CHANDIGARH,BANK OF MAHARASHTRA,Urban,6
CHANDIGARH,CANARA BANK,Urban,29
CHANDIGARH,CENTRAL BANK OF INDIA,Urban,16
CHANDIGARH,INDIAN BANK,Urban,15
CHANDIGARH,INDIAN OVERSEAS BANK,Urban,7
CHANDIGARH,JAMMU & KASHMIR BANK LTD,Urban,1
CHANDIGARH,PUNJAB AND SIND BANK,Semi-urban,1
CHANDIGARH,PUNJAB AND SIND BANK,Urban,27
CHANDIGARH,PUNJAB NATIONAL BANK,Rural,1
CHANDIGARH,PUNJAB NATIONAL BANK,Semi-urban,1
CHANDIGARH,PUNJAB NATIONAL BANK,Urban,58
CHANDIGARH,UCO BANK,Rural,3
CHANDIGARH,UCO BANK,Semi-urban,2
CHANDIGARH,UCO BANK,Urban,8
CHANDIGARH,UNION BANK OF INDIA,Rural,1
CHANDIGARH,UNION BANK OF INDIA,Urban,26
CHHATTISGARH,BANK OF BARODA,Metropolitan,32
CHHATTISGARH,BANK OF BARODA,Rural,85
CHHATTISGARH,BANK OF BARODA,Semi-urban,54
CHHATTISGARH,BANK OF BARODA,Urban,40
CHHATTISGARH,BANK OF INDIA,Metropolitan,10
CHHATTISGARH,BANK OF INDIA,Rural,18
CHHATTISGARH,BANK OF INDIA,Semi-urban,20
CHHATTISGARH,BANK OF INDIA,Urban,16
CHHATTISGARH,BANK OF MAHARASHTRA,Metropolitan,5
CHHATTISGARH,BANK OF MAHARASHTRA,Rural,15
CHHATTISGARH,BANK OF MAHARASHTRA,Semi-urban,8
CHHATTISGARH,BANK OF MAHARASHTRA,Urban,9
CHHATTISGARH,CANARA BANK,Metropolitan,22
CHHATTISGARH,CANARA BANK,Rural,28
CHHATTISGARH,CANARA BANK,Semi-urban,33
CHHATTISGARH,CANARA BANK,Urban,34
CHHATTISGARH,CENTRAL BANK OF INDIA,Metropolitan,16
CHHATTISGARH,CENTRAL BANK OF INDIA,Rural,51
CHHATTISGARH,CENTRAL BANK OF INDIA,Semi-urban,40
CHHATTISGARH,CENTRAL BANK OF INDIA,Urban,16
CHHATTISGARH,INDIAN BANK,Metropolitan,11
CHHATTISGARH,INDIAN BANK,Rural,23
CHHATTISGARH,INDIAN BANK,Semi-urban,12
CHHATTISGARH,INDIAN BANK,Urban,21
CHHATTISGARH,INDIAN OVERSEAS BANK,Metropolitan,9
CHHATTISGARH,INDIAN OVERSEAS BANK,Rural,18
CHHATTISGARH,INDIAN OVERSEAS BANK,Semi-urban,10
CHHATTISGARH,INDIAN OVERSEAS BANK,Urban,10
CHHATTISGARH,JAMMU & KASHMIR BANK LTD,Metropolitan,1
CHHATTISGARH,PUNJAB AND SIND BANK,Metropolitan,2
CHHATTISGARH,PUNJAB AND SIND BANK,Rural,7
CHHATTISGARH,PUNJAB AND SIND BANK,Semi-urban,1
CHHATTISGARH,PUNJAB AND SIND BANK,Urban,6
CHHATTISGARH,PUNJAB NATIONAL BANK,Metropolitan,40
CHHATTISGARH,PUNJAB NATIONAL BANK,Rural,57
CHHATTISGARH,PUNJAB NATIONAL BANK,Semi-urban,63
CHHATTISGARH,PUNJAB NATIONAL BANK,Urban,54
CHHATTISGARH,UCO BANK,Metropolitan,7
CHHATTISGARH,UCO BANK,Rural,18
CHHATTISGARH,UCO BANK,Semi-urban,18
CHHATTISGARH,UCO BANK,Urban,14
CHHATTISGARH,UNION BANK OF INDIA,Metropolitan,24
CHHATTISGARH,UNION BANK OF INDIA,Rural,19
CHHATTISGARH,UNION BANK OF INDIA,Semi-urban,46
CHHATTISGARH,UNION BANK OF INDIA,Urban,33
DADRA AND NAGAR HAVELI AND DAMAN AND DIU,BANK OF BARODA,Rural,7
DADRA AND NAGAR HAVELI AND DAMAN AND DIU,BANK OF BARODA,Semi-urban,11
DADRA AND NAGAR HAVELI AND DAMAN AND DIU,BANK OF INDIA,Semi-urban,3
DADRA AND NAGAR HAVELI AND DAMAN AND DIU,BANK OF MAHARASHTRA,Semi-urban,2
DADRA AND NAGAR HAVELI AND DAMAN AND DIU,CANARA BANK,Rural,1
DADRA AND NAGAR HAVELI AND DAMAN AND DIU,CANARA BANK,Semi-urban,5
DADRA AND NAGAR HAVELI AND DAMAN AND DIU,CENTRAL BANK OF INDIA,Semi-urban,3
DADRA AND NAGAR HAVELI AND DAMAN AND DIU,INDIAN BANK,Semi-urban,3
DADRA AND NAGAR HAVELI AND DAMAN AND DIU,INDIAN OVERSEAS BANK,Semi-urban,1
DADRA AND NAGAR HAVELI AND DAMAN AND DIU,PUNJAB NATIONAL BANK,Semi-urban,5
DADRA AND NAGAR HAVELI AND DAMAN AND DIU,UCO BANK,Semi-urban,3
DADRA AND NAGAR HAVELI AND DAMAN AND DIU,UNION BANK OF INDIA,Semi-urban,5
GOA,BANK OF BARODA,Rural,31
GOA,BANK OF BARODA,Semi-urban,21
GOA,BANK OF INDIA,Rural,23
GOA,BANK OF INDIA,Semi-urban,30
GOA,BANK OF MAHARASHTRA,Rural,5
GOA,BANK OF MAHARASHTRA,Semi-urban,11
GOA,CANARA BANK,Rural,41
GOA,CANARA BANK,Semi-urban,43
GOA,CENTRAL BANK OF INDIA,Rural,13
GOA,CENTRAL BANK OF INDIA,Semi-urban,19
GOA,INDIAN BANK,Rural,1
GOA,INDIAN BANK,Semi-urban,10
GOA,INDIAN OVERSEAS BANK,Rural,13
GOA,INDIAN OVERSEAS BANK,Semi-urban,13
GOA,JAMMU & KASHMIR BANK LTD,Semi-urban,1
GOA,PUNJAB AND SIND BANK,Semi-urban,1
GOA,PUNJAB NATIONAL BANK,Rural,2
GOA,PUNJAB NATIONAL BANK,Semi-urban,20
GOA,UCO BANK,Rural,4
GOA,UCO BANK,Semi-urban,6
GOA,UNION BANK OF INDIA,Rural,32
GOA,UNION BANK OF INDIA,Semi-urban,47
GUJARAT,BANK OF BARODA,Metropolitan,306
GUJARAT,BANK OF BARODA,Rural,751
GUJARAT,BANK OF BARODA,Semi-urban,312
GUJARAT,BANK OF BARODA,Urban,177
GUJARAT,BANK OF INDIA,Metropolitan,129
GUJARAT,BANK OF INDIA,Rural,108
GUJARAT,BANK OF INDIA,Semi-urban,112
GUJARAT,BANK OF INDIA,Urban,66
GUJARAT,BANK OF MAHARASHTRA,Metropolitan,31
GUJARAT,BANK OF MAHARASHTRA,Rural,7
GUJARAT,BANK OF MAHARASHTRA,Semi-urban,16
GUJARAT,BANK OF MAHARASHTRA,Urban,20
GUJARAT,CANARA BANK,Metropolitan,118
GUJARAT,CANARA BANK,Rural,34
GUJARAT,CANARA BANK,Semi-urban,63
GUJARAT,CANARA BANK,Urban,65
GUJARAT,CENTRAL BANK OF INDIA,Metropolitan,99
GUJARAT,CENTRAL BANK OF INDIA,Rural,101
GUJARAT,CENTRAL BANK OF INDIA,Semi-urban,75
GUJARAT,CENTRAL BANK OF INDIA,Urban,58
GUJARAT,INDIAN BANK,Metropolitan,76
GUJARAT,INDIAN BANK,Rural,13
GUJARAT,INDIAN BANK,Semi-urban,19
GUJARAT,INDIAN BANK,Urban,47
GUJARAT,INDIAN OVERSEAS BANK,Metropolitan,50
GUJARAT,INDIAN OVERSEAS BANK,Rural,20
GUJARAT,INDIAN OVERSEAS BANK,Semi-urban,21
GUJARAT,INDIAN OVERSEAS BANK,Urban,25
GUJARAT,JAMMU & KASHMIR BANK LTD,Metropolitan,4
GUJARAT,PUNJAB AND SIND BANK,Metropolitan,8
GUJARAT,PUNJAB AND SIND BANK,Semi-urban,2
GUJARAT,PUNJAB AND SIND BANK,Urban,14
GUJARAT,PUNJAB NATIONAL BANK,Metropolitan,137
GUJARAT,PUNJAB NATIONAL BANK,Rural,36
GUJARAT,PUNJAB NATIONAL BANK,Semi-urban,66
GUJARAT,PUNJAB NATIONAL BANK,Urban,81
GUJARAT,UCO BANK,Metropolitan,43
GUJARAT,UCO BANK,Rural,12
GUJARAT,UCO BANK,Semi-urban,28
GUJARAT,UCO BANK,Urban,29
GUJARAT,UNION BANK OF INDIA,Metropolitan,183
GUJARAT,UNION BANK OF INDIA,Rural,113
GUJARAT,UNION BANK OF INDIA,Semi-urban,138
GUJARAT,UNION BANK OF INDIA,Urban,87
HARYANA,BANK OF BARODA,Metropolitan,14
HARYANA,BANK OF BARODA,Rural,26
HARYANA,BANK OF BARODA,Semi-urban,42
HARYANA,BANK OF BARODA,Urban,83
HARYANA,BANK OF INDIA,Metropolitan,5
HARYANA,BANK OF INDIA,Rural,13
HARYANA,BANK OF INDIA,Semi-urban,17
HARYANA,BANK OF INDIA,Urban,33
HARYANA,BANK OF MAHARASHTRA,Metropolitan,2
HARYANA,BANK OF MAHARASHTRA,Rural,3
HARYANA,BANK OF MAHARASHTRA,Semi-urban,2
HARYANA,BANK OF MAHARASHTRA,Urban,24
HARYANA,CANARA BANK,Metropolitan,32
HARYANA,CANARA BANK,Rural,88
HARYANA,CANARA BANK,Semi-urban,98
HARYANA,CANARA BANK,Urban,126
HARYANA,CENTRAL BANK OF INDIA,Metropolitan,7
HARYANA,CENTRAL BANK OF INDIA,Rural,44
HARYANA,CENTRAL BANK OF INDIA,Semi-urban,39
HARYANA,CENTRAL BANK OF INDIA,Urban,52
HARYANA,INDIAN BANK,Metropolitan,13
HARYANA,INDIAN BANK,Rural,29
HARYANA,INDIAN BANK,Semi-urban,46
HARYANA,INDIAN BANK,Urban,65
HARYANA,INDIAN OVERSEAS BANK,Metropolitan,11
HARYANA,INDIAN OVERSEAS BANK,Rural,5
HARYANA,INDIAN OVERSEAS BANK,Semi-urban,5
HARYANA,INDIAN OVERSEAS BANK,Urban,35
HARYANA,JAMMU & KASHMIR BANK LTD,Metropolitan,1
HARYANA,JAMMU & KASHMIR BANK LTD,Urban,9
HARYANA,PUNJAB AND SIND BANK,Metropolitan,4
HARYANA,PUNJAB AND SIND BANK,Rural,33
HARYANA,PUNJAB AND SIND BANK,Semi-urban,25
HARYANA,PUNJAB AND SIND BANK,Urban,41
HARYANA,PUNJAB NATIONAL BANK,Metropolitan,38
HARYANA,PUNJAB NATIONAL BANK,Rural,309
HARYANA,PUNJAB NATIONAL BANK,Semi-urban,178
HARYANA,PUNJAB NATIONAL BANK,Urban,312
HARYANA,UCO BANK,Metropolitan,4
HARYANA,UCO BANK,Rural,22
HARYANA,UCO BANK,Semi-urban,43
HARYANA,UCO BANK,Urban,30
HARYANA,UNION BANK OF INDIA,Metropolitan,18
HARYANA,UNION BANK OF INDIA,Rural,50
HARYANA,UNION BANK OF INDIA,Semi-urban,103
HARYANA,UNION BANK OF INDIA,Urban,138
HIMACHAL PRADESH,BANK OF BARODA,Rural,16
HIMACHAL PRADESH,BANK OF BARODA,Semi-urban,13
HIMACHAL PRADESH,BANK OF BARODA,Urban,5
HIMACHAL PRADESH,BANK OF INDIA,Rural,9
HIMACHAL PRADESH,BANK OF INDIA,Semi-urban,9
HIMACHAL PRADESH,BANK OF INDIA,Urban,1
HIMACHAL PRADESH,BANK OF MAHARASHTRA,Rural,1
HIMACHAL PRADESH,BANK OF MAHARASHTRA,Semi-urban,3
HIMACHAL PRADESH,BANK OF MAHARASHTRA,Urban,1
HIMACHAL PRADESH,CANARA BANK,Rural,43
HIMACHAL PRADESH,CANARA BANK,Semi-urban,19
HIMACHAL PRADESH,CANARA BANK,Urban,5
HIMACHAL PRADESH,CENTRAL BANK OF INDIA,Rural,38
HIMACHAL PRADESH,CENTRAL BANK OF INDIA,Semi-urban,15
HIMACHAL PRADESH,CENTRAL BANK OF INDIA,Urban,3
HIMACHAL PRADESH,INDIAN BANK,Rural,8
HIMACHAL PRADESH,INDIAN BANK,Semi-urban,15
HIMACHAL PRADESH,INDIAN BANK,Urban,3
HIMACHAL PRADESH,INDIAN OVERSEAS BANK,Rural,5
HIMACHAL PRADESH,INDIAN OVERSEAS BANK,Semi-urban,4
HIMACHAL PRADESH,INDIAN OVERSEAS BANK,Urban,2
HIMACHAL PRADESH,JAMMU & KASHMIR BANK LTD,Rural,1
HIMACHAL PRADESH,JAMMU & KASHMIR BANK LTD,Semi-urban,3
HIMACHAL PRADESH,JAMMU & KASHMIR BANK LTD,Urban,1
HIMACHAL PRADESH,PUNJAB AND SIND BANK,Rural,17
HIMACHAL PRADESH,PUNJAB AND SIND BANK,Semi-urban,10
HIMACHAL PRADESH,PUNJAB AND SIND BANK,Urban,2
HIMACHAL PRADESH,PUNJAB NATIONAL BANK,Rural,316
HIMACHAL PRADESH,PUNJAB NATIONAL BANK,Semi-urban,59
HIMACHAL PRADESH,PUNJAB NATIONAL BANK,Urban,20
HIMACHAL PRADESH,UCO BANK,Rural,146
HIMACHAL PRADESH,UCO BANK,Semi-urban,17
HIMACHAL PRADESH,UCO BANK,Urban,12
HIMACHAL PRADESH,UNION BANK OF INDIA,Rural,15
HIMACHAL PRADESH,UNION BANK OF INDIA,Semi-urban,23
HIMACHAL PRADESH,UNION BANK OF INDIA,Urban,3
JAMMU & KASHMIR,BANK OF BARODA,Metropolitan,2
JAMMU & KASHMIR,BANK OF BARODA,Rural,1
JAMMU & KASHMIR,BANK OF BARODA,Semi-urban,2
JAMMU & KASHMIR,BANK OF BARODA,Urban,7
JAMMU & KASHMIR,BANK OF INDIA,Metropolitan,1
JAMMU & KASHMIR,BANK OF INDIA,Rural,2
JAMMU & KASHMIR,BANK OF INDIA,Semi-urban,2
JAMMU & KASHMIR,BANK OF INDIA,Urban,3
JAMMU & KASHMIR,BANK OF MAHARASHTRA,Metropolitan,1
JAMMU & KASHMIR,BANK OF MAHARASHTRA,Urban,1
JAMMU & KASHMIR,CANARA BANK,Metropolitan,3
JAMMU & KASHMIR,CANARA BANK,Rural,7
JAMMU & KASHMIR,CANARA BANK,Semi-urban,9
JAMMU & KASHMIR,CANARA BANK,Urban,18
JAMMU & KASHMIR,CENTRAL BANK OF INDIA,Metropolitan,1
JAMMU & KASHMIR,CENTRAL BANK OF INDIA,Rural,2
JAMMU & KASHMIR,CENTRAL BANK OF INDIA,Semi-urban,7
JAMMU & KASHMIR,CENTRAL BANK OF INDIA,Urban,7
JAMMU & KASHMIR,INDIAN BANK,Metropolitan,1
JAMMU & KASHMIR,INDIAN BANK,Rural,2
JAMMU & KASHMIR,INDIAN BANK,Semi-urban,3
JAMMU & KASHMIR,INDIAN BANK,Urban,7
JAMMU & KASHMIR,INDIAN OVERSEAS BANK,Metropolitan,1
JAMMU & KASHMIR,INDIAN OVERSEAS BANK,Urban,2
JAMMU & KASHMIR,JAMMU & KASHMIR BANK LTD,Metropolitan,94
JAMMU & KASHMIR,JAMMU & KASHMIR BANK LTD,Rural,481
JAMMU & KASHMIR,JAMMU & KASHMIR BANK LTD,Semi-urban,159
JAMMU & KASHMIR,JAMMU & KASHMIR BANK LTD,Urban,75
JAMMU & KASHMIR,PUNJAB AND SIND BANK,Metropolitan,1
JAMMU & KASHMIR,PUNJAB AND SIND BANK,Rural,2
JAMMU & KASHMIR,PUNJAB AND SIND BANK,Semi-urban,7
JAMMU & KASHMIR,PUNJAB AND SIND BANK,Urban,6
JAMMU & KASHMIR,PUNJAB NATIONAL BANK,Metropolitan,18
JAMMU & KASHMIR,PUNJAB NATIONAL BANK,Rural,34
JAMMU & KASHMIR,PUNJAB NATIONAL BANK,Semi-urban,34
JAMMU & KASHMIR,PUNJAB NATIONAL BANK,Urban,45
JAMMU & KASHMIR,UCO BANK,Metropolitan,3
JAMMU & KASHMIR,UCO BANK,Rural,3
JAMMU & KASHMIR,UCO BANK,Semi-urban,6
JAMMU & KASHMIR,UCO BANK,Urban,8
JAMMU & KASHMIR,UNION BANK OF INDIA,Metropolitan,1
JAMMU & KASHMIR,UNION BANK OF INDIA,Rural,3
JAMMU & KASHMIR,UNION BANK OF INDIA,Semi-urban,8
JAMMU & KASHMIR,UNION BANK OF INDIA,Urban,8
JHARKHAND,BANK OF BARODA,Metropolitan,22
JHARKHAND,BANK OF BARODA,Rural,30
JHARKHAND,BANK OF BARODA,Semi-urban,41
JHARKHAND,BANK OF BARODA,Urban,28
JHARKHAND,BANK OF INDIA,Metropolitan,65
JHARKHAND,BANK OF INDIA,Rural,293
JHARKHAND,BANK OF INDIA,Semi-urban,103
JHARKHAND,BANK OF INDIA,Urban,53
JHARKHAND,BANK OF MAHARASHTRA,Metropolitan,2
JHARKHAND,BANK OF MAHARASHTRA,Rural,1
JHARKHAND,BANK OF MAHARASHTRA,Semi-urban,3
JHARKHAND,BANK OF MAHARASHTRA,Urban,5
JHARKHAND,CANARA BANK,Metropolitan,39
JHARKHAND,CANARA BANK,Rural,64
JHARKHAND,CANARA BANK,Semi-urban,45
JHARKHAND,CANARA BANK,Urban,38
JHARKHAND,CENTRAL BANK OF INDIA,Metropolitan,20
JHARKHAND,CENTRAL BANK OF INDIA,Rural,26
JHARKHAND,CENTRAL BANK OF INDIA,Semi-urban,27
JHARKHAND,CENTRAL BANK OF INDIA,Urban,19
JHARKHAND,INDIAN BANK,Metropolitan,27
JHARKHAND,INDIAN BANK,Rural,73
JHARKHAND,INDIAN BANK,Semi-urban,43
JHARKHAND,INDIAN BANK,Urban,27
JHARKHAND,INDIAN OVERSEAS BANK,Metropolitan,11
JHARKHAND,INDIAN OVERSEAS BANK,Rural,12
JHARKHAND,INDIAN OVERSEAS BANK,Semi-urban,9
JHARKHAND,INDIAN OVERSEAS BANK,Urban,9
JHARKHAND,JAMMU & KASHMIR BANK LTD,Metropolitan,1
JHARKHAND,PUNJAB AND SIND BANK,Metropolitan,6
JHARKHAND,PUNJAB AND SIND BANK,Rural,2
JHARKHAND,PUNJAB AND SIND BANK,Semi-urban,4
JHARKHAND,PUNJAB AND SIND BANK,Urban,5
JHARKHAND,PUNJAB NATIONAL BANK,Metropolitan,54
JHARKHAND,PUNJAB NATIONAL BANK,Rural,73
JHARKHAND,PUNJAB NATIONAL BANK,Semi-urban,68
JHARKHAND,PUNJAB NATIONAL BANK,Urban,48
JHARKHAND,UCO BANK,Metropolitan,18
JHARKHAND,UCO BANK,Rural,19
JHARKHAND,UCO BANK,Semi-urban,27
JHARKHAND,UCO BANK,Urban,10
JHARKHAND,UNION BANK OF INDIA,Metropolitan,30
JHARKHAND,UNION BANK OF INDIA,Rural,32
JHARKHAND,UNION BANK OF INDIA,Semi-urban,35
JHARKHAND,UNION BANK OF INDIA,Urban,29
KARNATAKA,BANK OF BARODA,Metropolitan,152
KARNATAKA,BANK OF BARODA,Rural,287
KARNATAKA,BANK OF BARODA,Semi-urban,151
KARNATAKA,BANK OF BARODA,Urban,149
KARNATAKA,BANK OF INDIA,Metropolitan,49
KARNATAKA,BANK OF INDIA,Rural,28
KARNATAKA,BANK OF INDIA,Semi-urban,31
KARNATAKA,BANK OF INDIA,Urban,47
KARNATAKA,BANK OF MAHARASHTRA,Metropolitan,22
KARNATAKA,BANK OF MAHARASHTRA,Rural,11
KARNATAKA,BANK OF MAHARASHTRA,Semi-urban,10
KARNATAKA,BANK OF MAHARASHTRA,Urban,24
KARNATAKA,CANARA BANK,Metropolitan,298
KARNATAKA,CANARA BANK,Rural,761
KARNATAKA,CANARA BANK,Semi-urban,377
KARNATAKA,CANARA BANK,Urban,411
KARNATAKA,CENTRAL BANK OF INDIA,Metropolitan,44
KARNATAKA,CENTRAL BANK OF INDIA,Rural,10
KARNATAKA,CENTRAL BANK OF INDIA,Semi-urban,33
KARNATAKA,CENTRAL BANK OF INDIA,Urban,32
KARNATAKA,INDIAN BANK,Metropolitan,78
KARNATAKA,INDIAN BANK,Rural,16
KARNATAKA,INDIAN BANK,Semi-urban,26
KARNATAKA,INDIAN BANK,Urban,49
KARNATAKA,INDIAN OVERSEAS BANK,Metropolitan,52
KARNATAKA,INDIAN OVERSEAS BANK,Rural,70
KARNATAKA,INDIAN OVERSEAS BANK,Semi-urban,62
KARNATAKA,INDIAN OVERSEAS BANK,Urban,49
KARNATAKA,JAMMU & KASHMIR BANK LTD,Metropolitan,7
KARNATAKA,JAMMU & KASHMIR BANK LTD,Urban,2
KARNATAKA,PUNJAB AND SIND BANK,Metropolitan,9
KARNATAKA,PUNJAB AND SIND BANK,Semi-urban,1
KARNATAKA,PUNJAB AND SIND BANK,Urban,5
KARNATAKA,PUNJAB NATIONAL BANK,Metropolitan,88
KARNATAKA,PUNJAB NATIONAL BANK,Rural,9
KARNATAKA,PUNJAB NATIONAL BANK,Semi-urban,15
KARNATAKA,PUNJAB NATIONAL BANK,Urban,66
KARNATAKA,UCO BANK,Metropolitan,27
KARNATAKA,UCO BANK,Rural,9
KARNATAKA,UCO BANK,Semi-urban,9
KARNATAKA,UCO BANK,Urban,20
KARNATAKA,UNION BANK OF INDIA,Metropolitan,221
KARNATAKA,UNION BANK OF INDIA,Rural,222
KARNATAKA,UNION BANK OF INDIA,Semi-urban,212
KARNATAKA,UNION BANK OF INDIA,Urban,210
KERALA,BANK OF BARODA,Rural,11
KERALA,BANK OF BARODA,Semi-urban,151
KERALA,BANK OF BARODA,Urban,65
KERALA,BANK OF INDIA,Rural,4
KERALA,BANK OF INDIA,Semi-urban,69
KERALA,BANK OF INDIA,Urban,38
KERALA,BANK OF MAHARASHTRA,Semi-urban,7
KERALA,BANK OF MAHARASHTRA,Urban,10
KERALA,CANARA BANK,Rural,33
KERALA,CANARA BANK,Semi-urban,521
KERALA,CANARA BANK,Urban,184
KERALA,CENTRAL BANK OF INDIA,Rural,5
KERALA,CENTRAL BANK OF INDIA,Semi-urban,81
KERALA,CENTRAL BANK OF INDIA,Urban,40
KERALA,INDIAN BANK,Rural,2
KERALA,INDIAN BANK,Semi-urban,104
KERALA,INDIAN BANK,Urban,54
KERALA,INDIAN OVERSEAS BANK,Rural,4
KERALA,INDIAN OVERSEAS BANK,Semi-urban,139
KERALA,INDIAN OVERSEAS BANK,Urban,44
KERALA,JAMMU & KASHMIR BANK LTD,Urban,2
KERALA,PUNJAB AND SIND BANK,Semi-urban,1
KERALA,PUNJAB AND SIND BANK,Urban,3
KERALA,PUNJAB NATIONAL BANK,Rural,9
KERALA,PUNJAB NATIONAL BANK,Semi-urban,128
KERALA,PUNJAB NATIONAL BANK,Urban,78
KERALA,UCO BANK,Rural,2
KERALA,UCO BANK,Semi-urban,32
KERALA,UCO BANK,Urban,15
KERALA,UNION BANK OF INDIA,Rural,15
KERALA,UNION BANK OF INDIA,Semi-urban,274
KERALA,UNION BANK OF INDIA,Urban,131
LADAKH,CANARA BANK,Semi-urban,1
LADAKH,CENTRAL BANK OF INDIA,Semi-urban,1
LADAKH,JAMMU & KASHMIR BANK LTD,Rural,23
LADAKH,JAMMU & KASHMIR BANK LTD,Semi-urban,13
LADAKH,PUNJAB NATIONAL BANK,Semi-urban,6
LAKSHADWEEP,CANARA BANK,Rural,12
LAKSHADWEEP,CANARA BANK,Semi-urban,6
LAKSHADWEEP,UCO BANK,Semi-urban,1
MADHYA PRADESH,BANK OF BARODA,Metropolitan,87
MADHYA PRADESH,BANK OF BARODA,Rural,45
MADHYA PRADESH,BANK OF BARODA,Semi-urban,87
MADHYA PRADESH,BANK OF BARODA,Urban,59
MADHYA PRADESH,BANK OF INDIA,Metropolitan,93
MADHYA PRADESH,BANK OF INDIA,Rural,167
MADHYA PRADESH,BANK OF INDIA,Semi-urban,144
MADHYA PRADESH,BANK OF INDIA,Urban,69
MADHYA PRADESH,BANK OF MAHARASHTRA,Metropolitan,34
MADHYA PRADESH,BANK OF MAHARASHTRA,Rural,78
MADHYA PRADESH,BANK OF MAHARASHTRA,Semi-urban,21
MADHYA PRADESH,BANK OF MAHARASHTRA,Urban,23
MADHYA PRADESH,CANARA BANK,Metropolitan,114
MADHYA PRADESH,CANARA BANK,Rural,48
MADHYA PRADESH,CANARA BANK,Semi-urban,126
MADHYA PRADESH,CANARA BANK,Urban,65
MADHYA PRADESH,CENTRAL BANK OF INDIA,Metropolitan,70
MADHYA PRADESH,CENTRAL BANK OF INDIA,Rural,229
MADHYA PRADESH,CENTRAL BANK OF INDIA,Semi-urban,136
MADHYA PRADESH,CENTRAL BANK OF INDIA,Urban,49
MADHYA PRADESH,INDIAN BANK,Metropolitan,64
MADHYA PRADESH,INDIAN BANK,Rural,81
MADHYA PRADESH,INDIAN BANK,Semi-urban,53
MADHYA PRADESH,INDIAN BANK,Urban,48
MADHYA PRADESH,INDIAN OVERSEAS BANK,Metropolitan,20
MADHYA PRADESH,INDIAN OVERSEAS BANK,Rural,9
MADHYA PRADESH,INDIAN OVERSEAS BANK,Semi-urban,6
MADHYA PRADESH,INDIAN OVERSEAS BANK,Urban,23
MADHYA PRADESH,JAMMU & KASHMIR BANK LTD,Metropolitan,2
MADHYA PRADESH,PUNJAB AND SIND BANK,Metropolitan,10
MADHYA PRADESH,PUNJAB AND SIND BANK,Rural,10
MADHYA PRADESH,PUNJAB AND SIND BANK,Semi-urban,5
MADHYA PRADESH,PUNJAB AND SIND BANK,Urban,16
MADHYA PRADESH,PUNJAB NATIONAL BANK,Metropolitan,151
MADHYA PRADESH,PUNJAB NATIONAL BANK,Rural,89
MADHYA PRADESH,PUNJAB NATIONAL BANK,Semi-urban,99
MADHYA PRADESH,PUNJAB NATIONAL BANK,Urban,88
MADHYA PRADESH,UCO BANK,Metropolitan,51
MADHYA PRADESH,UCO BANK,Rural,41
MADHYA PRADESH,UCO BANK,Semi-urban,44
MADHYA PRADESH,UCO BANK,Urban,34
MADHYA PRADESH,UNION BANK OF INDIA,Metropolitan,119
MADHYA PRADESH,UNION BANK OF INDIA,Rural,101
MADHYA PRADESH,UNION BANK OF INDIA,Semi-urban,101
MADHYA PRADESH,UNION BANK OF INDIA,Urban,86
MAHARASHTRA,BANK OF BARODA,Metropolitan,394
MAHARASHTRA,BANK OF BARODA,Rural,208
MAHARASHTRA,BANK OF BARODA,Semi-urban,161
MAHARASHTRA,BANK OF BARODA,Urban,97
MAHARASHTRA,BANK OF INDIA,Metropolitan,254
MAHARASHTRA,BANK OF INDIA,Rural,351
MAHARASHTRA,BANK OF INDIA,Semi-urban,221
MAHARASHTRA,BANK OF INDIA,Urban,80
MAHARASHTRA,BANK OF MAHARASHTRA,Metropolitan,298
MAHARASHTRA,BANK OF MAHARASHTRA,Rural,457
MAHARASHTRA,BANK OF MAHARASHTRA,Semi-urban,303
MAHARASHTRA,BANK OF MAHARASHTRA,Urban,106
MAHARASHTRA,CANARA BANK,Metropolitan,333
MAHARASHTRA,CANARA BANK,Rural,111
MAHARASHTRA,CANARA BANK,Semi-urban,120
MAHARASHTRA,CANARA BANK,Urban,79
MAHARASHTRA,CENTRAL BANK OF INDIA,Metropolitan,184
MAHARASHTRA,CENTRAL BANK OF INDIA,Rural,233
MAHARASHTRA,CENTRAL BANK OF INDIA,Semi-urban,153
MAHARASHTRA,CENTRAL BANK OF INDIA,Urban,64
MAHARASHTRA,INDIAN BANK,Metropolitan,165
MAHARASHTRA,INDIAN BANK,Rural,40
MAHARASHTRA,INDIAN BANK,Semi-urban,29
MAHARASHTRA,INDIAN BANK,Urban,52
MAHARASHTRA,INDIAN OVERSEAS BANK,Metropolitan,95
MAHARASHTRA,INDIAN OVERSEAS BANK,Rural,14
MAHARASHTRA,INDIAN OVERSEAS BANK,Semi-urban,33
MAHARASHTRA,INDIAN OVERSEAS BANK,Urban,25
MAHARASHTRA,JAMMU & KASHMIR BANK LTD,Metropolitan,16
MAHARASHTRA,JAMMU & KASHMIR BANK LTD,Semi-urban,1
MAHARASHTRA,JAMMU & KASHMIR BANK LTD,Urban,1
MAHARASHTRA,PUNJAB AND SIND BANK,Metropolitan,29
MAHARASHTRA,PUNJAB AND SIND BANK,Semi-urban,4
MAHARASHTRA,PUNJAB AND SIND BANK,Urban,6
MAHARASHTRA,PUNJAB NATIONAL BANK,Metropolitan,320
MAHARASHTRA,PUNJAB NATIONAL BANK,Rural,27
MAHARASHTRA,PUNJAB NATIONAL BANK,Semi-urban,61
MAHARASHTRA,PUNJAB NATIONAL BANK,Urban,68
MAHARASHTRA,UCO BANK,Metropolitan,82
MAHARASHTRA,UCO BANK,Rural,34
MAHARASHTRA,UCO BANK,Semi-urban,31
MAHARASHTRA,UCO BANK,Urban,30
MAHARASHTRA,UNION BANK OF INDIA,Metropolitan,445
MAHARASHTRA,UNION BANK OF INDIA,Rural,143
MAHARASHTRA,UNION BANK OF INDIA,Semi-urban,181
MAHARASHTRA,UNION BANK OF INDIA,Urban,111
MANIPUR,BANK OF BARODA,Rural,8
MANIPUR,BANK OF BARODA,Urban,7
MANIPUR,BANK OF INDIA,Rural,2
MANIPUR,BANK OF INDIA,Semi-urban,1
MANIPUR,BANK OF INDIA,Urban,1
MANIPUR,BANK OF MAHARASHTRA,Urban,1
MANIPUR,CANARA BANK,Rural,2
MANIPUR,CANARA BANK,Semi-urban,2
MANIPUR,CANARA BANK,Urban,2
MANIPUR,CENTRAL BANK OF INDIA,Rural,5
MANIPUR,CENTRAL BANK OF INDIA,Semi-urban,2
MANIPUR,CENTRAL BANK OF INDIA,Urban,2
MANIPUR,INDIAN BANK,Rural,2
MANIPUR,INDIAN BANK,Semi-urban,2
MANIPUR,INDIAN BANK,Urban,1
MANIPUR,INDIAN OVERSEAS BANK,Rural,1
MANIPUR,INDIAN OVERSEAS BANK,Semi-urban,1
MANIPUR,INDIAN OVERSEAS BANK,Urban,1
MANIPUR,PUNJAB AND SIND BANK,Rural,3
MANIPUR,PUNJAB AND SIND BANK,Urban,2
MANIPUR,PUNJAB NATIONAL BANK,Rural,6
MANIPUR,PUNJAB NATIONAL BANK,Semi-urban,9
MANIPUR,PUNJAB NATIONAL BANK,Urban,9
MANIPUR,UCO BANK,Rural,7
MANIPUR,UCO BANK,Semi-urban,4
MANIPUR,UCO BANK,Urban,3
MANIPUR,UNION BANK OF INDIA,Urban,1
MEGHALAYA,BANK OF BARODA,Rural,1
MEGHALAYA,BANK OF BARODA,Semi-urban,2
MEGHALAYA,BANK OF BARODA,Urban,5
MEGHALAYA,BANK OF INDIA,Semi-urban,1
MEGHALAYA,BANK OF INDIA,Urban,3
MEGHALAYA,BANK OF MAHARASHTRA,Urban,1
MEGHALAYA,CANARA BANK,Rural,5
MEGHALAYA,CANARA BANK,Semi-urban,4
MEGHALAYA,CANARA BANK,Urban,6
MEGHALAYA,CENTRAL BANK OF INDIA,Semi-urban,4
MEGHALAYA,CENTRAL BANK OF INDIA,Urban,4
MEGHALAYA,INDIAN BANK,Rural,2
MEGHALAYA,INDIAN BANK,Urban,3
MEGHALAYA,INDIAN OVERSEAS BANK,Semi-urban,1
MEGHALAYA,INDIAN OVERSEAS BANK,Urban,2
MEGHALAYA,PUNJAB AND SIND BANK,Urban,1
MEGHALAYA,PUNJAB NATIONAL BANK,Rural,14
MEGHALAYA,PUNJAB NATIONAL BANK,Semi-urban,7
MEGHALAYA,PUNJAB NATIONAL BANK,Urban,8
MEGHALAYA,UCO BANK,Rural,3
MEGHALAYA,UCO BANK,Semi-urban,3
MEGHALAYA,UCO BANK,Urban,2
MEGHALAYA,UNION BANK OF INDIA,Rural,2
MEGHALAYA,UNION BANK OF INDIA,Semi-urban,3
MEGHALAYA,UNION BANK OF INDIA,Urban,4
MIZORAM,BANK OF BARODA,Rural,1
MIZORAM,BANK OF BARODA,Urban,4
MIZORAM,BANK OF INDIA,Urban,2
MIZORAM,BANK OF MAHARASHTRA,Urban,1
MIZORAM,CANARA BANK,Semi-urban,4
MIZORAM,CANARA BANK,Urban,2
MIZORAM,CENTRAL BANK OF INDIA,Semi-urban,1
MIZORAM,CENTRAL BANK OF INDIA,Urban,1
MIZORAM,INDIAN BANK,Urban,1
MIZORAM,INDIAN OVERSEAS BANK,Urban,1
MIZORAM,PUNJAB AND SIND BANK,Urban,1
MIZORAM,PUNJAB NATIONAL BANK,Semi-urban,5
MIZORAM,PUNJAB NATIONAL BANK,Urban,4
MIZORAM,UCO BANK,Rural,1
MIZORAM,UCO BANK,Semi-urban,1
MIZORAM,UCO BANK,Urban,1
MIZORAM,UNION BANK OF INDIA,Urban,1
NAGALAND,BANK OF BARODA,Rural,3
NAGALAND,BANK OF BARODA,Semi-urban,6
NAGALAND,BANK OF BARODA,Urban,3
NAGALAND,BANK OF INDIA,Semi-urban,1
NAGALAND,BANK OF INDIA,Urban,1
NAGALAND,BANK OF MAHARASHTRA,Semi-urban,1
NAGALAND,BANK OF MAHARASHTRA,Urban,1
NAGALAND,CANARA BANK,Semi-urban,2
NAGALAND,CANARA BANK,Urban,2
NAGALAND,CENTRAL BANK OF INDIA,Rural,2
NAGALAND,CENTRAL BANK OF INDIA,Semi-urban,4
NAGALAND,CENTRAL BANK OF INDIA,Urban,1
NAGALAND,INDIAN BANK,Rural,3
NAGALAND,INDIAN BANK,Semi-urban,2
NAGALAND,INDIAN BANK,Urban,2
NAGALAND,INDIAN OVERSEAS BANK,Urban,1
NAGALAND,PUNJAB AND SIND BANK,Semi-urban,1
NAGALAND,PUNJAB AND SIND BANK,Urban,1
NAGALAND,PUNJAB NATIONAL BANK,Semi-urban,2
NAGALAND,PUNJAB NATIONAL BANK,Urban,3
NAGALAND,UCO BANK,Semi-urban,4
NAGALAND,UCO BANK,Urban,2
NAGALAND,UNION BANK OF INDIA,Urban,2
NCT OF DELHI,BANK OF BARODA,Metropolitan,201
NCT OF DELHI,BANK OF BARODA,Rural,4
NCT OF DELHI,BANK OF BARODA,Semi-urban,4
NCT OF DELHI,BANK OF BARODA,Urban,1
NCT OF DELHI,BANK OF INDIA,Metropolitan,87
NCT OF DELHI,BANK OF INDIA,Rural,13
NCT OF DELHI,BANK OF INDIA,Semi-urban,4
NCT OF DELHI,BANK OF INDIA,Urban,3
NCT OF DELHI,BANK OF MAHARASHTRA,Metropolitan,35
NCT OF DELHI,BANK OF MAHARASHTRA,Rural,1
NCT OF DELHI,BANK OF MAHARASHTRA,Semi-urban,3
NCT OF DELHI,BANK OF MAHARASHTRA,Urban,4
NCT OF DELHI,CANARA BANK,Metropolitan,307
NCT OF DELHI,CANARA BANK,Rural,8
NCT OF DELHI,CANARA BANK,Semi-urban,14
NCT OF DELHI,CANARA BANK,Urban,3
NCT OF DELHI,CENTRAL BANK OF INDIA,Metropolitan,100
NCT OF DELHI,CENTRAL BANK OF INDIA,Rural,3
NCT OF DELHI,CENTRAL BANK OF INDIA,Semi-urban,4
NCT OF DELHI,INDIAN BANK,Metropolitan,143
NCT OF DELHI,INDIAN BANK,Rural,7
NCT OF DELHI,INDIAN BANK,Semi-urban,9
NCT OF DELHI,INDIAN BANK,Urban,2
NCT OF DELHI,INDIAN OVERSEAS BANK,Metropolitan,84
NCT OF DELHI,JAMMU & KASHMIR BANK LTD,Metropolitan,29
NCT OF DELHI,JAMMU & KASHMIR BANK LTD,Semi-urban,1
NCT OF DELHI,PUNJAB AND SIND BANK,Metropolitan,128
NCT OF DELHI,PUNJAB AND SIND BANK,Semi-urban,1
NCT OF DELHI,PUNJAB NATIONAL BANK,Metropolitan,343
NCT OF DELHI,PUNJAB NATIONAL BANK,Rural,16
NCT OF DELHI,PUNJAB NATIONAL BANK,Semi-urban,34
NCT OF DELHI,PUNJAB NATIONAL BANK,Urban,18
NCT OF DELHI,UCO BANK,Metropolitan,58
NCT OF DELHI,UCO BANK,Rural,3
NCT OF DELHI,UCO BANK,Semi-urban,1
NCT OF DELHI,UNION BANK OF INDIA,Metropolitan,223
NCT OF DELHI,UNION BANK OF INDIA,Rural,15
NCT OF DELHI,UNION BANK OF INDIA,Semi-urban,32
NCT OF DELHI,UNION BANK OF INDIA,Urban,1
ODISHA,BANK OF BARODA,Rural,63
ODISHA,BANK OF BARODA,Semi-urban,61
ODISHA,BANK OF BARODA,Urban,54
ODISHA,BANK OF INDIA,Rural,136
ODISHA,BANK OF INDIA,Semi-urban,57
ODISHA,BANK OF INDIA,Urban,71
ODISHA,BANK OF MAHARASHTRA,Semi-urban,4
ODISHA,BANK OF MAHARASHTRA,Urban,8
ODISHA,CANARA BANK,Rural,128
ODISHA,CANARA BANK,Semi-urban,78
ODISHA,CANARA BANK,Urban,92
ODISHA,CENTRAL BANK OF INDIA,Rural,38
ODISHA,CENTRAL BANK OF INDIA,Semi-urban,38
ODISHA,CENTRAL BANK OF INDIA,Urban,32
ODISHA,INDIAN BANK,Rural,89
ODISHA,INDIAN BANK,Semi-urban,65
ODISHA,INDIAN BANK,Urban,61
ODISHA,INDIAN OVERSEAS BANK,Rural,64
ODISHA,INDIAN OVERSEAS BANK,Semi-urban,37
ODISHA,INDIAN OVERSEAS BANK,Urban,29
ODISHA,PUNJAB AND SIND BANK,Rural,7
ODISHA,PUNJAB AND SIND BANK,Semi-urban,2
ODISHA,PUNJAB AND SIND BANK,Urban,10
ODISHA,PUNJAB NATIONAL BANK,Rural,162
ODISHA,PUNJAB NATIONAL BANK,Semi-urban,114
ODISHA,PUNJAB NATIONAL BANK,Urban,113
ODISHA,UCO BANK,Rural,137
ODISHA,UCO BANK,Semi-urban,68
ODISHA,UCO BANK,Urban,48
ODISHA,UNION BANK OF INDIA,Rural,140
ODISHA,UNION BANK OF INDIA,Semi-urban,132
ODISHA,UNION BANK OF INDIA,Urban,111
PUDUCHERRY,BANK OF BARODA,Semi-urban,1
PUDUCHERRY,BANK OF BARODA,Urban,4
PUDUCHERRY,BANK OF INDIA,Rural,2
PUDUCHERRY,BANK OF INDIA,Semi-urban,3
PUDUCHERRY,BANK OF INDIA,Urban,3
PUDUCHERRY,BANK OF MAHARASHTRA,Urban,1
PUDUCHERRY,CANARA BANK,Rural,3
PUDUCHERRY,CANARA BANK,Semi-urban,6
PUDUCHERRY,CANARA BANK,Urban,7
PUDUCHERRY,CENTRAL BANK OF INDIA,Semi-urban,1
PUDUCHERRY,CENTRAL BANK OF INDIA,Urban,3
PUDUCHERRY,INDIAN BANK,Rural,13
PUDUCHERRY,INDIAN BANK,Semi-urban,9
PUDUCHERRY,INDIAN BANK,Urban,15
PUDUCHERRY,INDIAN OVERSEAS BANK,Rural,7
PUDUCHERRY,INDIAN OVERSEAS BANK,Semi-urban,4
PUDUCHERRY,INDIAN OVERSEAS BANK,Urban,11
PUDUCHERRY,PUNJAB AND SIND BANK,Urban,1
PUDUCHERRY,PUNJAB NATIONAL BANK,Semi-urban,1
PUDUCHERRY,PUNJAB NATIONAL BANK,Urban,6
PUDUCHERRY,UCO BANK,Rural,1
PUDUCHERRY,UCO BANK,Semi-urban,5
PUDUCHERRY,UCO BANK,Urban,4
PUDUCHERRY,UNION BANK OF INDIA,Semi-urban,6
PUDUCHERRY,UNION BANK OF INDIA,Urban,5
PUNJAB,BANK OF BARODA,Metropolitan,33
PUNJAB,BANK OF BARODA,Rural,26
PUNJAB,BANK OF BARODA,Semi-urban,73
PUNJAB,BANK OF BARODA,Urban,47
PUNJAB,BANK OF INDIA,Metropolitan,35
PUNJAB,BANK OF INDIA,Rural,38
PUNJAB,BANK OF INDIA,Semi-urban,61
PUNJAB,BANK OF INDIA,Urban,34
PUNJAB,BANK OF MAHARASHTRA,Metropolitan,4
PUNJAB,BANK OF MAHARASHTRA,Rural,1
PUNJAB,BANK OF MAHARASHTRA,Semi-urban,12
PUNJAB,BANK OF MAHARASHTRA,Urban,14
PUNJAB,CANARA BANK,Metropolitan,35
PUNJAB,CANARA BANK,Rural,83
PUNJAB,CANARA BANK,Semi-urban,97
PUNJAB,CANARA BANK,Urban,65
PUNJAB,CENTRAL BANK OF INDIA,Metropolitan,35
PUNJAB,CENTRAL BANK OF INDIA,Rural,29
PUNJAB,CENTRAL BANK OF INDIA,Semi-urban,55
PUNJAB,CENTRAL BANK OF INDIA,Urban,38
PUNJAB,INDIAN BANK,Metropolitan,40
PUNJAB,INDIAN BANK,Rural,48
PUNJAB,INDIAN BANK,Semi-urban,89
PUNJAB,INDIAN BANK,Urban,46
PUNJAB,INDIAN OVERSEAS BANK,Metropolitan,21
PUNJAB,INDIAN OVERSEAS BANK,Rural,20
PUNJAB,INDIAN OVERSEAS BANK,Semi-urban,32
PUNJAB,INDIAN OVERSEAS BANK,Urban,29
PUNJAB,JAMMU & KASHMIR BANK LTD,Metropolitan,4
PUNJAB,JAMMU & KASHMIR BANK LTD,Semi-urban,3
PUNJAB,JAMMU & KASHMIR BANK LTD,Urban,11
PUNJAB,PUNJAB AND SIND BANK,Metropolitan,60
PUNJAB,PUNJAB AND SIND BANK,Rural,363
PUNJAB,PUNJAB AND SIND BANK,Semi-urban,142
PUNJAB,PUNJAB AND SIND BANK,Urban,82
PUNJAB,PUNJAB NATIONAL BANK,Metropolitan,147
PUNJAB,PUNJAB NATIONAL BANK,Rural,443
PUNJAB,PUNJAB NATIONAL BANK,Semi-urban,307
PUNJAB,PUNJAB NATIONAL BANK,Urban,235
PUNJAB,UCO BANK,Metropolitan,19
PUNJAB,UCO BANK,Rural,62
PUNJAB,UCO BANK,Semi-urban,63
PUNJAB,UCO BANK,Urban,28
PUNJAB,UNION BANK OF INDIA,Metropolitan,46
PUNJAB,UNION BANK OF INDIA,Rural,65
PUNJAB,UNION BANK OF INDIA,Semi-urban,119
PUNJAB,UNION BANK OF INDIA,Urban,68
RAJASTHAN,BANK OF BARODA,Metropolitan,87
RAJASTHAN,BANK OF BARODA,Rural,299
RAJASTHAN,BANK OF BARODA,Semi-urban,177
RAJASTHAN,BANK OF BARODA,Urban,108
RAJASTHAN,BANK OF INDIA,Metropolitan,33
RAJASTHAN,BANK OF INDIA,Rural,42
RAJASTHAN,BANK OF INDIA,Semi-urban,44
RAJASTHAN,BANK OF INDIA,Urban,34
RAJASTHAN,BANK OF MAHARASHTRA,Metropolitan,12
RAJASTHAN,BANK OF MAHARASHTRA,Rural,6
RAJASTHAN,BANK OF MAHARASHTRA,Semi-urban,5
RAJASTHAN,BANK OF MAHARASHTRA,Urban,14
RAJASTHAN,CANARA BANK,Metropolitan,61
RAJASTHAN,CANARA BANK,Rural,46
RAJASTHAN,CANARA BANK,Semi-urban,88
RAJASTHAN,CANARA BANK,Urban,81
RAJASTHAN,CENTRAL BANK OF INDIA,Metropolitan,45
RAJASTHAN,CENTRAL BANK OF INDIA,Rural,41
RAJASTHAN,CENTRAL BANK OF INDIA,Semi-urban,59
RAJASTHAN,CENTRAL BANK OF INDIA,Urban,32
RAJASTHAN,INDIAN BANK,Metropolitan,34
RAJASTHAN,INDIAN BANK,Rural,29
RAJASTHAN,INDIAN BANK,Semi-urban,24
RAJASTHAN,INDIAN BANK,Urban,52
RAJASTHAN,INDIAN OVERSEAS BANK,Metropolitan,17
RAJASTHAN,INDIAN OVERSEAS BANK,Rural,10
RAJASTHAN,INDIAN OVERSEAS BANK,Semi-urban,18
RAJASTHAN,INDIAN OVERSEAS BANK,Urban,21
RAJASTHAN,JAMMU & KASHMIR BANK LTD,Metropolitan,1
RAJASTHAN,JAMMU & KASHMIR BANK LTD,Urban,1
RAJASTHAN,PUNJAB AND SIND BANK,Metropolitan,9
RAJASTHAN,PUNJAB AND SIND BANK,Rural,15
RAJASTHAN,PUNJAB AND SIND BANK,Semi-urban,13
RAJASTHAN,PUNJAB AND SIND BANK,Urban,16
RAJASTHAN,PUNJAB NATIONAL BANK,Metropolitan,141
RAJASTHAN,PUNJAB NATIONAL BANK,Rural,278
RAJASTHAN,PUNJAB NATIONAL BANK,Semi-urban,230
RAJASTHAN,PUNJAB NATIONAL BANK,Urban,176
RAJASTHAN,UCO BANK,Metropolitan,41
RAJASTHAN,UCO BANK,Rural,67
RAJASTHAN,UCO BANK,Semi-urban,76
RAJASTHAN,UCO BANK,Urban,43
RAJASTHAN,UNION BANK OF INDIA,Metropolitan,68
RAJASTHAN,UNION BANK OF INDIA,Rural,69
RAJASTHAN,UNION BANK OF INDIA,Semi-urban,79
RAJASTHAN,UNION BANK OF INDIA,Urban,84
SIKKIM,BANK OF BARODA,Rural,1
SIKKIM,BANK OF BARODA,Semi-urban,1
SIKKIM,BANK OF BARODA,Urban,3
SIKKIM,BANK OF INDIA,Urban,2
SIKKIM,BANK OF MAHARASHTRA,Urban,1
SIKKIM,CANARA BANK,Rural,5
SIKKIM,CANARA BANK,Semi-urban,2
SIKKIM,CANARA BANK,Urban,4
SIKKIM,CENTRAL BANK OF INDIA,Rural,12
SIKKIM,CENTRAL BANK OF INDIA,Semi-urban,2
SIKKIM,CENTRAL BANK OF INDIA,Urban,2
SIKKIM,INDIAN BANK,Urban,3
SIKKIM,INDIAN OVERSEAS BANK,Rural,2
SIKKIM,INDIAN OVERSEAS BANK,Urban,1
SIKKIM,PUNJAB AND SIND BANK,Urban,1
SIKKIM,PUNJAB NATIONAL BANK,Rural,2
SIKKIM,PUNJAB NATIONAL BANK,Semi-urban,3
SIKKIM,PUNJAB NATIONAL BANK,Urban,5
SIKKIM,UCO BANK,Rural,4
SIKKIM,UCO BANK,Semi-urban,1
SIKKIM,UCO BANK,Urban,1
SIKKIM,UNION BANK OF INDIA,Rural,6
SIKKIM,UNION BANK OF INDIA,Semi-urban,1
SIKKIM,UNION BANK OF INDIA,Urban,3
TAMIL NADU,BANK OF BARODA,Metropolitan,113
TAMIL NADU,BANK OF BARODA,Rural,51
TAMIL NADU,BANK OF BARODA,Semi-urban,109
TAMIL NADU,BANK OF BARODA,Urban,57
TAMIL NADU,BANK OF INDIA,Metropolitan,65
TAMIL NADU,BANK OF INDIA,Rural,60
TAMIL NADU,BANK OF INDIA,Semi-urban,76
TAMIL NADU,BANK OF INDIA,Urban,33
TAMIL NADU,BANK OF MAHARASHTRA,Metropolitan,16
TAMIL NADU,BANK OF MAHARASHTRA,Rural,2
TAMIL NADU,BANK OF MAHARASHTRA,Semi-urban,8
TAMIL NADU,BANK OF MAHARASHTRA,Urban,15
TAMIL NADU,CANARA BANK,Metropolitan,239
TAMIL NADU,CANARA BANK,Rural,379
TAMIL NADU,CANARA BANK,Semi-urban,393
TAMIL NADU,CANARA BANK,Urban,181
TAMIL NADU,CENTRAL BANK OF INDIA,Metropolitan,64
TAMIL NADU,CENTRAL BANK OF INDIA,Rural,62
TAMIL NADU,CENTRAL BANK OF INDIA,Semi-urban,58
TAMIL NADU,CENTRAL BANK OF INDIA,Urban,37
TAMIL NADU,INDIAN BANK,Metropolitan,216
TAMIL NADU,INDIAN BANK,Rural,387
TAMIL NADU,INDIAN BANK,Semi-urban,374
TAMIL NADU,INDIAN BANK,Urban,146
TAMIL NADU,INDIAN OVERSEAS BANK,Metropolitan,177
TAMIL NADU,INDIAN OVERSEAS BANK,Rural,436
TAMIL NADU,INDIAN OVERSEAS BANK,Semi-urban,388
TAMIL NADU,INDIAN OVERSEAS BANK,Urban,121
TAMIL NADU,JAMMU & KASHMIR BANK LTD,Metropolitan,5
TAMIL NADU,PUNJAB AND SIND BANK,Metropolitan,10
TAMIL NADU,PUNJAB AND SIND BANK,Rural,1
TAMIL NADU,PUNJAB AND SIND BANK,Urban,6
TAMIL NADU,PUNJAB NATIONAL BANK,Metropolitan,132
TAMIL NADU,PUNJAB NATIONAL BANK,Rural,30
TAMIL NADU,PUNJAB NATIONAL BANK,Semi-urban,81
TAMIL NADU,PUNJAB NATIONAL BANK,Urban,74
TAMIL NADU,UCO BANK,Metropolitan,39
TAMIL NADU,UCO BANK,Rural,19
TAMIL NADU,UCO BANK,Semi-urban,31
TAMIL NADU,UCO BANK,Urban,23
TAMIL NADU,UNION BANK OF INDIA,Metropolitan,186
TAMIL NADU,UNION BANK OF INDIA,Rural,137
TAMIL NADU,UNION BANK OF INDIA,Semi-urban,218
TAMIL NADU,UNION BANK OF INDIA,Urban,110
TELANGANA,BANK OF BARODA,Metropolitan,89
TELANGANA,BANK OF BARODA,Rural,32
TELANGANA,BANK OF BARODA,Semi-urban,29
TELANGANA,BANK OF BARODA,Urban,21
TELANGANA,BANK OF INDIA,Metropolitan,42
TELANGANA,BANK OF INDIA,Rural,5
TELANGANA,BANK OF INDIA,Semi-urban,12
TELANGANA,BANK OF INDIA,Urban,12
TELANGANA,BANK OF MAHARASHTRA,Metropolitan,20
TELANGANA,BANK OF MAHARASHTRA,Rural,6
TELANGANA,BANK OF MAHARASHTRA,Semi-urban,4
TELANGANA,BANK OF MAHARASHTRA,Urban,9
TELANGANA,CANARA BANK,Metropolitan,177
TELANGANA,CANARA BANK,Rural,101
TELANGANA,CANARA BANK,Semi-urban,75
TELANGANA,CANARA BANK,Urban,43
TELANGANA,CENTRAL BANK OF INDIA,Metropolitan,49
TELANGANA,CENTRAL BANK OF INDIA,Rural,19
TELANGANA,CENTRAL BANK OF INDIA,Semi-urban,20
TELANGANA,CENTRAL BANK OF INDIA,Urban,13
TELANGANA,INDIAN BANK,Metropolitan,69
TELANGANA,INDIAN BANK,Rural,31
TELANGANA,INDIAN BANK,Semi-urban,31
TELANGANA,INDIAN BANK,Urban,32
TELANGANA,INDIAN OVERSEAS BANK,Metropolitan,51
TELANGANA,INDIAN OVERSEAS BANK,Rural,26
TELANGANA,INDIAN OVERSEAS BANK,Semi-urban,23
TELANGANA,INDIAN OVERSEAS BANK,Urban,19
TELANGANA,JAMMU & KASHMIR BANK LTD,Metropolitan,2
TELANGANA,PUNJAB AND SIND BANK,Metropolitan,6
TELANGANA,PUNJAB AND SIND BANK,Rural,1
TELANGANA,PUNJAB AND SIND BANK,Urban,2
TELANGANA,PUNJAB NATIONAL BANK,Metropolitan,100
TELANGANA,PUNJAB NATIONAL BANK,Rural,11
TELANGANA,PUNJAB NATIONAL BANK,Semi-urban,21
TELANGANA,PUNJAB NATIONAL BANK,Urban,25
TELANGANA,UCO BANK,Metropolitan,22
TELANGANA,UCO BANK,Rural,3
TELANGANA,UCO BANK,Semi-urban,4
TELANGANA,UCO BANK,Urban,9
TELANGANA,UNION BANK OF INDIA,Metropolitan,267
TELANGANA,UNION BANK OF INDIA,Rural,203
TELANGANA,UNION BANK OF INDIA,Semi-urban,189
TELANGANA,UNION BANK OF INDIA,Urban,97
TRIPURA,BANK OF BARODA,Rural,1
TRIPURA,BANK OF BARODA,Semi-urban,1
TRIPURA,BANK OF BARODA,Urban,5
TRIPURA,BANK OF INDIA,Rural,3
TRIPURA,BANK OF INDIA,Semi-urban,6
TRIPURA,BANK OF INDIA,Urban,4
TRIPURA,BANK OF MAHARASHTRA,Urban,1
TRIPURA,CANARA BANK,Rural,5
TRIPURA,CANARA BANK,Semi-urban,8
TRIPURA,CANARA BANK,Urban,5
TRIPURA,CENTRAL BANK OF INDIA,Rural,2
TRIPURA,CENTRAL BANK OF INDIA,Semi-urban,3
TRIPURA,CENTRAL BANK OF INDIA,Urban,1
TRIPURA,INDIAN BANK,Rural,2
TRIPURA,INDIAN BANK,Semi-urban,1
TRIPURA,INDIAN BANK,Urban,3
TRIPURA,INDIAN OVERSEAS BANK,Rural,1
TRIPURA,INDIAN OVERSEAS BANK,Semi-urban,2
TRIPURA,INDIAN OVERSEAS BANK,Urban,2
TRIPURA,PUNJAB AND SIND BANK,Rural,1
TRIPURA,PUNJAB AND SIND BANK,Urban,1
TRIPURA,PUNJAB NATIONAL BANK,Rural,32
TRIPURA,PUNJAB NATIONAL BANK,Semi-urban,23
TRIPURA,PUNJAB NATIONAL BANK,Urban,20
TRIPURA,UCO BANK,Rural,11
TRIPURA,UCO BANK,Semi-urban,12
TRIPURA,UCO BANK,Urban,7
TRIPURA,UNION BANK OF INDIA,Rural,1
TRIPURA,UNION BANK OF INDIA,Semi-urban,4
TRIPURA,UNION BANK OF INDIA,Urban,5
UTTAR PRADESH,BANK OF BARODA,Metropolitan,241
UTTAR PRADESH,BANK OF BARODA,Rural,574
UTTAR PRADESH,BANK OF BARODA,Semi-urban,295
UTTAR PRADESH,BANK OF BARODA,Urban,221
UTTAR PRADESH,BANK OF INDIA,Metropolitan,116
UTTAR PRADESH,BANK OF INDIA,Rural,189
UTTAR PRADESH,BANK OF INDIA,Semi-urban,146
UTTAR PRADESH,BANK OF INDIA,Urban,86
UTTAR PRADESH,BANK OF MAHARASHTRA,Metropolitan,24
UTTAR PRADESH,BANK OF MAHARASHTRA,Rural,11
UTTAR PRADESH,BANK OF MAHARASHTRA,Semi-urban,21
UTTAR PRADESH,BANK OF MAHARASHTRA,Urban,35
UTTAR PRADESH,CANARA BANK,Metropolitan,266
UTTAR PRADESH,CANARA BANK,Rural,412
UTTAR PRADESH,CANARA BANK,Semi-urban,295
UTTAR PRADESH,CANARA BANK,Urban,248
UTTAR PRADESH,CENTRAL BANK OF INDIA,Metropolitan,124
UTTAR PRADESH,CENTRAL BANK OF INDIA,Rural,208
UTTAR PRADESH,CENTRAL BANK OF INDIA,Semi-urban,157
UTTAR PRADESH,CENTRAL BANK OF INDIA,Urban,111
UTTAR PRADESH,INDIAN BANK,Metropolitan,176
UTTAR PRADESH,INDIAN BANK,Rural,493
UTTAR PRADESH,INDIAN BANK,Semi-urban,254
UTTAR PRADESH,INDIAN BANK,Urban,209
UTTAR PRADESH,INDIAN OVERSEAS BANK,Metropolitan,54
UTTAR PRADESH,INDIAN OVERSEAS BANK,Rural,56
UTTAR PRADESH,INDIAN OVERSEAS BANK,Semi-urban,46
UTTAR PRADESH,INDIAN OVERSEAS BANK,Urban,62
UTTAR PRADESH,JAMMU & KASHMIR BANK LTD,Metropolitan,10
UTTAR PRADESH,JAMMU & KASHMIR BANK LTD,Semi-urban,1
UTTAR PRADESH,JAMMU & KASHMIR BANK LTD,Urban,5
UTTAR PRADESH,PUNJAB AND SIND BANK,Metropolitan,50
UTTAR PRADESH,PUNJAB AND SIND BANK,Rural,86
UTTAR PRADESH,PUNJAB AND SIND BANK,Semi-urban,38
UTTAR PRADESH,PUNJAB AND SIND BANK,Urban,58
UTTAR PRADESH,PUNJAB NATIONAL BANK,Metropolitan,391
UTTAR PRADESH,PUNJAB NATIONAL BANK,Rural,631
UTTAR PRADESH,PUNJAB NATIONAL BANK,Semi-urban,475
UTTAR PRADESH,PUNJAB NATIONAL BANK,Urban,450
UTTAR PRADESH,UCO BANK,Metropolitan,76
UTTAR PRADESH,UCO BANK,Rural,89
UTTAR PRADESH,UCO BANK,Semi-urban,65
UTTAR PRADESH,UCO BANK,Urban,58
UTTAR PRADESH,UNION BANK OF INDIA,Metropolitan,251
UTTAR PRADESH,UNION BANK OF INDIA,Rural,543
UTTAR PRADESH,UNION BANK OF INDIA,Semi-urban,249
UTTAR PRADESH,UNION BANK OF INDIA,Urban,228
UTTARAKHAND,BANK OF BARODA,Rural,52
UTTARAKHAND,BANK OF BARODA,Semi-urban,30
UTTARAKHAND,BANK OF BARODA,Urban,54
UTTARAKHAND,BANK OF INDIA,Rural,9
UTTARAKHAND,BANK OF INDIA,Semi-urban,15
UTTARAKHAND,BANK OF INDIA,Urban,12
UTTARAKHAND,BANK OF MAHARASHTRA,Semi-urban,1
UTTARAKHAND,BANK OF MAHARASHTRA,Urban,5
UTTARAKHAND,CANARA BANK,Rural,44
UTTARAKHAND,CANARA BANK,Semi-urban,35
UTTARAKHAND,CANARA BANK,Urban,57
UTTARAKHAND,CENTRAL BANK OF INDIA,Rural,8
UTTARAKHAND,CENTRAL BANK OF INDIA,Semi-urban,13
UTTARAKHAND,CENTRAL BANK OF INDIA,Urban,22
UTTARAKHAND,INDIAN BANK,Rural,10
UTTARAKHAND,INDIAN BANK,Semi-urban,21
UTTARAKHAND,INDIAN BANK,Urban,24
UTTARAKHAND,INDIAN OVERSEAS BANK,Rural,18
UTTARAKHAND,INDIAN OVERSEAS BANK,Semi-urban,10
UTTARAKHAND,INDIAN OVERSEAS BANK,Urban,18
UTTARAKHAND,JAMMU & KASHMIR BANK LTD,Urban,3
UTTARAKHAND,PUNJAB AND SIND BANK,Rural,16
UTTARAKHAND,PUNJAB AND SIND BANK,Semi-urban,13
UTTARAKHAND,PUNJAB AND SIND BANK,Urban,17
UTTARAKHAND,PUNJAB NATIONAL BANK,Rural,150
UTTARAKHAND,PUNJAB NATIONAL BANK,Semi-urban,74
UTTARAKHAND,PUNJAB NATIONAL BANK,Urban,127
UTTARAKHAND,UCO BANK,Rural,17
UTTARAKHAND,UCO BANK,Semi-urban,21
UTTARAKHAND,UCO BANK,Urban,20
UTTARAKHAND,UNION BANK OF INDIA,Rural,36
UTTARAKHAND,UNION BANK OF INDIA,Semi-urban,35
UTTARAKHAND,UNION BANK OF INDIA,Urban,49
WEST BENGAL,BANK OF BARODA,Metropolitan,110
WEST BENGAL,BANK OF BARODA,Rural,50
WEST BENGAL,BANK OF BARODA,Semi-urban,58
WEST BENGAL,BANK OF BARODA,Urban,89
WEST BENGAL,BANK OF INDIA,Metropolitan,68
WEST BENGAL,BANK OF INDIA,Rural,145
WEST BENGAL,BANK OF INDIA,Semi-urban,84
WEST BENGAL,BANK OF INDIA,Urban,85
WEST BENGAL,BANK OF MAHARASHTRA,Metropolitan,18
WEST BENGAL,BANK OF MAHARASHTRA,Rural,4
WEST BENGAL,BANK OF MAHARASHTRA,Semi-urban,6
WEST BENGAL,BANK OF MAHARASHTRA,Urban,17
WEST BENGAL,CANARA BANK,Metropolitan,98
WEST BENGAL,CANARA BANK,Rural,156
WEST BENGAL,CANARA BANK,Semi-urban,81
WEST BENGAL,CANARA BANK,Urban,92
WEST BENGAL,CENTRAL BANK OF INDIA,Metropolitan,57
WEST BENGAL,CENTRAL BANK OF INDIA,Rural,135
WEST BENGAL,CENTRAL BANK OF INDIA,Semi-urban,67
WEST BENGAL,CENTRAL BANK OF INDIA,Urban,74
WEST BENGAL,INDIAN BANK,Metropolitan,118
WEST BENGAL,INDIAN BANK,Rural,269
WEST BENGAL,INDIAN BANK,Semi-urban,93
WEST BENGAL,INDIAN BANK,Urban,138
WEST BENGAL,INDIAN OVERSEAS BANK,Metropolitan,56
WEST BENGAL,INDIAN OVERSEAS BANK,Rural,32
WEST BENGAL,INDIAN OVERSEAS BANK,Semi-urban,20
WEST BENGAL,INDIAN OVERSEAS BANK,Urban,49
WEST BENGAL,JAMMU & KASHMIR BANK LTD,Metropolitan,2
WEST BENGAL,PUNJAB AND SIND BANK,Metropolitan,18
WEST BENGAL,PUNJAB AND SIND BANK,Rural,4
WEST BENGAL,PUNJAB AND SIND BANK,Semi-urban,4
WEST BENGAL,PUNJAB AND SIND BANK,Urban,16
WEST BENGAL,PUNJAB NATIONAL BANK,Metropolitan,245
WEST BENGAL,PUNJAB NATIONAL BANK,Rural,578
WEST BENGAL,PUNJAB NATIONAL BANK,Semi-urban,199
WEST BENGAL,PUNJAB NATIONAL BANK,Urban,297
WEST BENGAL,UCO BANK,Metropolitan,89
WEST BENGAL,UCO BANK,Rural,147
WEST BENGAL,UCO BANK,Semi-urban,69
WEST BENGAL,UCO BANK,Urban,83
WEST BENGAL,UNION BANK OF INDIA,Metropolitan,90
WEST BENGAL,UNION BANK OF INDIA,Rural,67
WEST BENGAL,UNION BANK OF INDIA,Semi-urban,59
WEST BENGAL,UNION BANK OF INDIA,Urban,97
